Query,RPQ_size,Time(s)
0,NaN,67.24141454696655
1,NaN,57.69779968261719
2,NaN,64.86444520950317
3,NaN,64.84458041191101
0,NaN,65.06218791007996
1,NaN,56.155757904052734
2,NaN,64.22974371910095
3,NaN,64.39330339431763
0,NaN,65.75436210632324
1,NaN,56.21949577331543
2,NaN,63.02605080604553
3,NaN,65.13991236686707
