Query,RPQ_size,Time(s)
0,NaN,9.614759683609009
1,NaN,10.027777910232544
2,NaN,17.960743188858032
3,NaN,9.709896802902222
0,NaN,18.101771593093872
1,NaN,9.744141340255737
2,NaN,18.083649396896362
3,NaN,9.706791639328003
0,NaN,17.739351987838745
1,NaN,9.85453724861145
2,NaN,17.87276268005371
3,NaN,9.833452701568604
