Query,RPQ_size,Time(s)
0,NaN,286.43748140335083
1,NaN,279.25933027267456
2,NaN,278.38324451446533
3,NaN,268.2055242061615
0,NaN,276.6702845096588
1,NaN,280.29684019088745
2,NaN,266.4035370349884
3,NaN,274.0601201057434
0,NaN,262.3350110054016
1,NaN,290.6493384838104
2,NaN,267.34094977378845
3,NaN,276.0182707309723
