Query,RPQ_size,Time(s)
0,NaN,241.8748598098755
1,NaN,242.94703125953674
2,NaN,244.19497275352478
3,NaN,235.6744306087494
0,NaN,241.37236285209656
1,NaN,230.8363425731659
2,NaN,247.94636726379395
3,NaN,245.5372908115387
0,NaN,230.56839036941528
1,NaN,241.61892867088318
2,NaN,241.00505685806274
3,NaN,228.39544677734375
