Query,CFPQ_size,Time(s)
0,NaN,0.0016574859619140625
0,NaN,0.001680135726928711
0,NaN,0.001262664794921875
0,NaN,0.0012676715850830078
0,NaN,0.001245260238647461
0,NaN,0.0012574195861816406
0,NaN,0.0011668205261230469
0,NaN,0.0011615753173828125
0,NaN,0.0011987686157226562
0,NaN,0.0011904239654541016
