Query,CFPQ_size,Time(s)
0,NaN,0.0048487186431884766
0,NaN,0.00447845458984375
0,NaN,0.004456996917724609
0,NaN,0.004431486129760742
0,NaN,0.004432201385498047
0,NaN,0.004372358322143555
0,NaN,0.004343509674072266
0,NaN,0.00458979606628418
0,NaN,0.004420757293701172
0,NaN,0.004241943359375
