Query,CFPQ_size,Time(s)
0,NaN,0.0031278133392333984
0,NaN,0.0028171539306640625
0,NaN,0.0027582645416259766
0,NaN,0.002894878387451172
0,NaN,0.0030372142791748047
0,NaN,0.0031213760375976562
0,NaN,0.0038759708404541016
0,NaN,0.003971099853515625
0,NaN,0.0033118724822998047
0,NaN,0.003534555435180664
