Query,CFPQ_size,Time(s)
0,NaN,0.5656719207763672
0,NaN,0.9746768474578857
0,NaN,0.53448486328125
0,NaN,0.5402092933654785
0,NaN,0.5520899295806885
0,NaN,0.5424389839172363
0,NaN,0.5323455333709717
0,NaN,0.5326826572418213
0,NaN,0.5307550430297852
0,NaN,0.5383484363555908
