Query,CFPQ_size,Time(s)
0,NaN,2.721759796142578
0,NaN,2.291926622390747
0,NaN,2.695793867111206
0,NaN,2.2847959995269775
0,NaN,2.772761106491089
0,NaN,2.335052013397217
0,NaN,2.3157529830932617
0,NaN,2.7648463249206543
0,NaN,2.3457863330841064
0,NaN,2.725534439086914
