Query,CFPQ_size,Time(s)
0,NaN,1.4625349044799805
0,NaN,1.4390127658843994
0,NaN,1.8639090061187744
0,NaN,1.4502086639404297
0,NaN,1.4432182312011719
0,NaN,1.4300978183746338
0,NaN,1.8442821502685547
0,NaN,1.455573558807373
0,NaN,1.415912389755249
0,NaN,1.8506436347961426
