Query,CFPQ_size,Time(s)
0,NaN,0.2291874885559082
0,NaN,0.21645092964172363
0,NaN,0.699509859085083
0,NaN,0.20925378799438477
0,NaN,0.2119593620300293
0,NaN,0.22737574577331543
0,NaN,0.21286940574645996
0,NaN,0.22244048118591309
0,NaN,0.21056580543518066
0,NaN,0.20975422859191895
