Query,CFPQ_size,Time(s)
0,NaN,0.8943212032318115
0,NaN,0.9164528846740723
0,NaN,1.288461446762085
0,NaN,0.8847677707672119
0,NaN,0.9012727737426758
0,NaN,1.3116388320922852
0,NaN,0.8840327262878418
0,NaN,0.8888795375823975
0,NaN,0.8745942115783691
0,NaN,1.3050668239593506
