Query,CFPQ_size,Time(s)
0,NaN,0.5489625930786133
0,NaN,0.5362198352813721
0,NaN,0.5490138530731201
0,NaN,0.5663058757781982
0,NaN,0.5646071434020996
0,NaN,0.968890905380249
0,NaN,0.5552787780761719
0,NaN,0.5439362525939941
0,NaN,0.5380828380584717
0,NaN,0.5674455165863037
