Query,CFPQ_size,Time(s)
0,NaN,0.0036602020263671875
0,NaN,0.003530263900756836
0,NaN,0.003291606903076172
0,NaN,0.003255605697631836
0,NaN,0.0030961036682128906
0,NaN,0.003034830093383789
0,NaN,0.0029675960540771484
0,NaN,0.0030028820037841797
0,NaN,0.003041505813598633
0,NaN,0.0030183792114257812
