Query,CFPQ_size,Time(s)
0,NaN,0.01386404037475586
0,NaN,0.012831449508666992
0,NaN,0.012531757354736328
0,NaN,0.012663125991821289
0,NaN,0.015028953552246094
0,NaN,0.012156486511230469
0,NaN,0.012475728988647461
0,NaN,0.012083768844604492
0,NaN,0.01180577278137207
0,NaN,0.012133121490478516
