Query,CFPQ_size,Time(s)
0,NaN,0.008704423904418945
0,NaN,0.0077474117279052734
0,NaN,0.007768154144287109
0,NaN,0.007476091384887695
0,NaN,0.007573604583740234
0,NaN,0.007839679718017578
0,NaN,0.012230396270751953
0,NaN,0.010615825653076172
0,NaN,0.007605552673339844
0,NaN,0.007764577865600586
