Query,CFPQ_size,Time(s)
0,NaN,0.00751805305480957
0,NaN,0.006735563278198242
0,NaN,0.006036281585693359
0,NaN,0.005781888961791992
0,NaN,0.0064046382904052734
0,NaN,0.005732059478759766
0,NaN,0.005476951599121094
0,NaN,0.0056493282318115234
0,NaN,0.0054972171783447266
0,NaN,0.0055925846099853516
