Query,CFPQ_size,Time(s)
0,NaN,0.026346445083618164
0,NaN,0.024086475372314453
0,NaN,0.023110151290893555
0,NaN,0.02861762046813965
0,NaN,0.02886795997619629
0,NaN,0.02464461326599121
0,NaN,0.023468971252441406
0,NaN,0.024065732955932617
0,NaN,0.024965763092041016
0,NaN,0.024652719497680664
