Query,CFPQ_size,Time(s)
0,NaN,0.016638755798339844
0,NaN,0.015226125717163086
0,NaN,0.014942646026611328
0,NaN,0.014440298080444336
0,NaN,0.014418363571166992
0,NaN,0.014784812927246094
0,NaN,0.018559932708740234
0,NaN,0.01394796371459961
0,NaN,0.01411581039428711
0,NaN,0.014079093933105469
