Query,RPQ_size,Time(s)
0,NaN,61.1025812625885
1,NaN,61.474340200424194
2,NaN,51.91797637939453
3,NaN,60.07225847244263
0,NaN,60.48394823074341
1,NaN,51.912352323532104
2,NaN,59.34955596923828
3,NaN,59.550236225128174
0,NaN,60.604111194610596
1,NaN,60.81367230415344
2,NaN,60.36468529701233
3,NaN,60.80081748962402
