Query,RPQ_size,Time(s)
0,NaN,8.78891634941101
1,NaN,17.366154432296753
2,NaN,9.020173072814941
3,NaN,17.164177417755127
0,NaN,8.965351343154907
1,NaN,9.142613172531128
2,NaN,17.085359811782837
3,NaN,8.94761347770691
0,NaN,16.863064289093018
1,NaN,9.07352352142334
2,NaN,16.880030393600464
3,NaN,8.951803922653198
