Query,RPQ_size,Time(s)
0,NaN,257.4762933254242
1,NaN,230.2238256931305
2,NaN,242.72936749458313
3,NaN,227.00596499443054
0,NaN,240.7419159412384
1,NaN,245.42629194259644
2,NaN,234.61139583587646
3,NaN,234.27162528038025
0,NaN,231.3460967540741
1,NaN,243.24061679840088
2,NaN,231.44463300704956
3,NaN,240.8842704296112
