Query,RPQ_size,Time(s)
0,NaN,229.07642936706543
1,NaN,207.64771103858948
2,NaN,224.30307936668396
3,NaN,212.99707579612732
0,NaN,228.61080741882324
1,NaN,245.4693500995636
2,NaN,221.88304114341736
3,NaN,236.06910061836243
0,NaN,211.16917872428894
1,NaN,220.3804907798767
2,NaN,218.97470831871033
3,NaN,195.55630564689636
